"","Code","company","details","date","close","x52_high","x52_low","x200_ma","x52_chg_pct","avg_vol","pe_ratio_ttm","market_cap_millions","price_book_mrq","enterprise_value_ebitda","total_cash_per_share_mrq","total_debt_equity_mrq","book_value_per_share_mrq","enterprise_value_millions","float_millions","levered_free_cash_flow_ttm_millions","percent_held_by_insiders_percent","trailing_annual_dividend_yield_percent","profit_margin_percent","operating_margin_ttm_percent","quarterly_revenue_growth_yoy_percent"
"1","ALK.AX","Alkane Resources Limited","Alkane Resources Limited is an Australia-based multi-mine gold producing company. The Company’s projects include Tomingley Gold Project and Northern Molong Porphyry Project (NMPP). The Tomingley Gold Project covers an area of approximately 440 square kilometer (km), stretching 60km north-south along the Newell Highway in central-western New South Wales. The Northern Molong Porphyry Project (NMPP) covers an area of approximately 115 square km, centered approximately 20km north of Wellington and about 35km east of Dubbo in central western New South Wales. The Company’s exploration projects are located in central western New South Wales, which includes gold, gold-copper and other metal (nickel, zinc and silver) prospects. The Company’s gold production is from the Tomingley Gold Operations in Central West New South Wales. Its exploration projects are in the tenement area between Tomingley and Peak Hill.",2021-02-12,0.78,1.54,0.47,1.1,-16.76,2099718,33.91,464.4,1.69,14.47,0.08,2.47,0.46,422.56,374.73,-160.83,38.31,0,17.59,27.06,0
"2","ADN.AX","Andromeda Metals Limited","Andromeda Metals Limited, formerly Adelaide Resources Limited, is an exploration company. The Company is engaged in the exploration for gold, copper and other economic mineral deposits. It has interests in over 20 exploration licenses, covering over 7,970 square kilometers (sq. kms) within South Australia, Queensland, Western Australia and the Northern Territory. Its projects include Drummond, Eyre Peninsula, Moonta, Rover and Lithium. It holds equity in two tenements (EPM 18090 and EPMA 25660) in the Drummond Basin in Queensland, covering over 270 sq. kms. It holds 100% equity in over five tenements covering over 3,640 sq. kms on the northern Eyre Peninsula in South Australia. It owns Moonta Copper Gold Project located near the southern end of the Olympic Copper-Gold Province in South Australia. It holds 100% equity in over two tenements in the Rover Field located southwest of Tennant Creek. Its lithium projects include Davenport Ranges, Coolgardie and South Australian Salt Lakes.",2021-02-12,0.3,0.36,0.02,0.19,620.93,6384287,0,656.58,43.57,-127.96,0,1.04,0.01,464,1220,-2.53,16.88,0,0,-4095.66,0
"3","AGG.AX","Anglogold Ashanti","AngloGold Ashanti Limited (AngloGold Ashanti) is a gold mining company. The Company's business activities span the spectrum of the mining value chain. Its main product is gold. Its portfolio includes mine in approximately 10 countries. It also produces silver and sulfuric acid as by-products. The Company operates through three segments: Continental Africa, Australia and Americas. It has operations in Continental Africa in locations, including Democratic Republic of the Congo, Ghana, Guinea, Mali and Tanzania. The Australia segment includes the operations in Australia. It consists of Sunrise Dam and Tropicana. The Americas segment includes the operations in Argentina, Brazil and Colombia.",2021-02-12,6,14,4.8,7,2.35,23342,8.64,12584,0.84,2.69,3.1,94.65,7.23,4150,412.94,67,0,1.81,7.55,24.94,26.4
"4","BGL.AX","Bellevue Gold Limited","Bellevue Gold Limited, formerly Draig Resources Limited, is an Australia-based gold exploration company. The Company’s principal project is the Bellevue Gold Project, which is located approximately 157 kilometers north west of Laverton in Western Australia. The Bellevue Gold Project covers an area of approximately 27 square kilometers over three granted mining leases and one exploration license. The Company also holds interests in the Tribune Lode high grade discovery and the South Yandal Gold project.",2021-02-12,0.98,1.49,0.28,1.15,87.16,4717529,0,872.48,7.32,-158.99,0.04,0,0.14,831.65,704.02,-34.05,12.7,0,0,-10846.15,1633.3
"5","CMM.AX","Capricorn Metals Ltd","Capricorn Metals Limited is a gold explorer and developer, based in Perth, Western Australia. The Company’s exploration and real estate assets held in Madagascar are to be divested, with all funds directed towards gold exploration at Karlawinda. The Karlawinda Project includes is located approximately 65kilometres south of Newman in the Pilbara mining province in Western Australia. The Karlawinda Project includes the Bibra gold deposit and numerous outstanding exploration targets, including the advanced Francopan gold prospect, within an under-explored 290 square kilometer tenement package. The Bibra deposit has a JORC 2012 inferred resource of 18 million tons at the rate 1.1g/t Au for 650,800oz Au contained within an optimized pit design at A$1600/ounce gold price. On February 2016, the Company completed the acquisition of the Karlawinda Gold Project in Western Australia.",2021-02-12,1.7,2.37,0.85,1.81,38.21,495119,0,584.76,5.47,-40.92,0.14,0.25,0.31,510.05,258.58,-30.09,28.55,0,0,-4333.4,163.2
"6","CYL.AX","Catalyst Metals","Catalyst Metals Limited is engaged in mineral exploration and evaluation. The Company holds interests in advanced gold projects located in Victoria. Its tenements are situated along the 100-kilometer long Whitelaw Fault. The Company's projects include Whitelaw Gold Belt, Tandarra Gold Project, Raydarra Project, Four Eagles Project, Macorna Bore Project and Sebastian Project. The Raydarra Project lies immediately south of the Tandarra Faults and covers a strike length of approximately 10 kilometres on the southern extension of the Whitelaw. The Company's Four Eagles Gold Project is a joint venture between the Company, Providence Gold and Minerals Pty Ltd (Providence) and Gold Exploration Victoria Pty Ltd (GEV). Its Four Eagles Project consists of three prospects: Discovery, Hayanmi and Boyd's Dam. The Macorna Bore Project lies north of the town of Pyramid Hill and straddles the interpreted northern corridor of the Whitelaw and Sebastian Faults.",2021-02-12,2.03,3.4,1.74,2.46,-25.7,52759,0,204.46,7.56,-83.89,0.22,0,0.28,153.06,34.73,-5.02,60.56,0,-168.29,-177.71,181.8
"7","CTM.AX","Centaurus Metals","Centaurus Metals Limited is an Australia-based company, which is engaged in exploration and evaluation activities related to mineral resources. The Company operates through the exploration of minerals segment. Its projects include Aurora Copper Project; Mombuca Gold project; Conquista Direct Ship Ore (DSO) Iron Ore Project, and Jambreiro Iron Ore Project. Its Aurora Copper Project is located in the north-eastern region of Brazil in the State of Ceara, approximately 350 kilometers south of the State Capital Fortaleza. Its Mombuca Gold project focuses on gold and iron-ore mineralization, and is located in the State of Minas Gerais, Brazil. Its Conquista DSO Iron Ore Project consists of a portfolio of tenements located in the State of Minas Gerais, Brazil. Its Jambreiro Iron Ore Project, located in south-east Brazil, is a shovel-ready development project that is licensed for approximately three million tons per annum (Mtpa) of wet production.",2021-02-12,0.8,0.96,0,0.62,6361.54,862755,0,288.32,35.2,-32.59,0.02,1.12,0.03,225.24,182.5,-0.53,31.08,0,0,-1497.08,537.5
"8","CHN.AX","Chalice Mining Limited","Chalice Mining Ltd, formerly Chalice Gold Mines Limited, is an Australia-based mining company. The Company is engaged in mineral exploration and Platinum Group Element-Nickel-Copper-Cobalt-Gold discovery. The Company's projects include Pyramid Hill Gold Project, which is located in Victoria, Australia; Julimar Nickel-Copper-PGE Project, which is located in Avon Region, Western Australia and Hawkstone Nickel-Copper-Cobalt Project, which is located in west Kimberley region of Western Australia.",2021-02-12,4.48,4.92,0.14,3.03,1493.22,2338379,0,1603,26.65,-118.72,0.18,0.11,0.18,1390,261.44,-4.24,17.51,0,0,-2598.9,41.3
"9","DCN.AX","Dacian Gold","Dacian Gold Limited is a gold exploration and development company. The Company's principal activities include mineral exploration and development activities at its Mt Morgans Gold Project (MMGP) in Western Australia. MMGP is located over 20 kilometers west of Laverton, being approximately 850 kilometers northeast of Perth in Western Australia. The project area is a 520 square kilometer contiguous tenement package comprising granted mining licenses. MMGP includes various deposits, such as Westralia Deposit, Allanson Deposit, Beresford Deposit and Jupiter Deposit. The Jupiter Deposit occurs in the eastern half of the MMGP, being over 20 kilometers east-south-east of the Westralia Deposit. The Beresford mineralization is located at the south end of the Westralia ore system. The Cameron Well Prospect is located over five kilometers east of Westralia. The Callisto Prospect lies over six kilometers south of the Jupiter Deposit and over seven kilometers west of the Wallaby gold deposit.",2021-02-12,0.44,1.4,0.29,0.39,-68.93,3141835,0,242.08,1.49,6.61,0.09,48.07,0.29,268.18,448.53,-22.89,15.62,0,-43.13,-5.22,-3.7
"10","DEG.AX","De Grey Mining","De Grey Mining Limited is a mining company. The Company is engaged in exploration activities in Australia. The Company's principal activity is minerals exploration at its Turner River Project, located approximately 50 kilometers south of Port Hedland in the Pilbara region of Western Australia. The Turner River Project covers an area of approximately 980 square kilometers. The Turner River Project consists of over 900 square kilometers of gold and base metals tenure covering various portions of the Tabba Tabba Thrust and Mallina Shear Zone, host to approximately three gold and two base metal deposits, with various exploration targets. The Company's tenements include E47/891, E45/2533, E45/2364, E45/2995, E45/3390, E45/3391 and E45/3392. The Company's subsidiaries include Beyondie Gold Pty Ltd, Domain Mining Pty Ltd, Winterwhite Resources Pty Ltd and Last Crusade Pty Ltd.",2021-02-12,0.88,1.6,0.16,1.09,378.38,5786901,0,1115,13.52,-303.95,0.02,0.69,0.06,986.59,822.13,-12.44,29.57,0,0,-950.56,-69.3
"11","DGO.AX","DGO Gold Limited","DGO Gold Limited is engaged in evaluation and exploration of mineral deposits in sediment hosted gold deposits in Australia. The Company is involved in acquiring exploration tenements on gold, copper and zinc exploration. The Company has applied for approximately three sediment hosted gold target areas in the Eastern Goldfields of Western Australia at Mt Edwards, Black Flag and Ora Banda South West. The Mt Edwards is an exploration license application, consisting of over nine contiguous sub blocks, located to the east of the Coolgardie-Norseman highway, approximately 15 kilometers north of the township of Widgiemooltha. The Black Flag is an exploration license application, consisting of over six contiguous sub blocks, to the west of the Kalgoorlie-Menzies highway, approximately 20 kilometers North West of Kalgoorlie. The Ora Banda South West consists of over 10 contiguous prospecting licenses, approximately seven kilometers south west of the township of Ora Banda.",2021-02-12,2.62,4.66,1.18,3.16,50,21684,0,213.3,3.04,-88.1,0.17,0.62,0.95,191.21,28.44,-3.62,47.52,0,-51.8,-1316.03,66.9
"12","E25.AX","Element 25 Limited","Element 25 Limited, formerly Montezuma Mining Company Limited, is a mineral exploration company. The Company is engaged in carrying out exploration on its tenements and also applies for or acquired additional tenements. Its segments include Australia and France. Its segments are engaged in the determination and assessment of the existence of commercial economic reserves, from the Company's mineral assets in its geographic location. It holds various multi-commodity exploration and mining tenements in Western Australia. Its primary focus is on its approximately 100% owned Yamarna Gold Project, as well as its over 100% owned Holleton Gold Project, which is located approximately 400 kilometers east of Perth. It owns a manganese resource at its approximately 100% owned Butcherbird Project. It has nickel sulfide potential at the Green Dam Project and has a pipeline of business development activities ongoing in France. The Green Dam Project is located east of Kalgoorlie in Western Australia.",2021-02-12,1.85,1.99,0.1,1.08,1071.88,347222,0,234.76,25.29,-47.32,0.07,0,0.07,167.1,61.58,-2.7,42.98,0,0,-6593.06,-64.3
"13","EMR.AX","Emerald Resources NL","Emerald Resources NL is an Australia-based company, which is engaged in exploring and developing gold projects. The Company's principal activities include the exploration and development of the Okvau Gold.",2021-02-12,0.76,0.9,0.03,0.67,1573.91,274642,0,412.32,3.42,-41.61,0.26,70.2,0.23,359.7,354.93,-31.73,31.59,0,0,-3625.83,-31.7
"14","FFX.AX","Firefinch Limited","Firefinch Limited, formerly Mali Lithium Limited, is an Australia-based lithium company focused on the development of the Goulamina Lithium Project in Mali. It operates in two segments, which involve mining exploration for gold and lithium. It operates in Australia and West Africa. The Goulamina Lithium Project comprises a landholding of approximately 100 square kilometers covering hard rock lithium pegmatites in the Bougouni region of southern Mali, approximately 150 kilometers by road from Mali’s capital, Bamako. Apart from its focus on the development of Goulamina Lithium Project, the Company also holds Massigui Gold Project and Dankassa Gold Project. The Massigui Gold Project is situated in southern Mali approximately 280 kilometers by road from the capital, Bamako. The Dankassa Project is situated on the east bank of the Niger River, in southern Mali, approximately 110 kilometers by road south of Bamako, the capital city of Mali. It also operates Morila gold mine in Mali.",2021-02-12,0.24,0.27,0.26,0,0,0,0,207.21,3.27,-33.41,0,0.26,0.08,83.27,284.45,-3.52,10.71,0,0,0,0
"15","GOR.AX","Gold Road Resources","Gold Road Resources Ltd is an Australia-based gold production and exploration company. The Company operates through two segments: Development and Production and Exploration. The Development and Production segment consists of the joint Gruyere operation with Gold Fields. The Exploration segment includes the activities on all mineral exploration and the Gruyere JV tenements. The Gruyere gold mine is located approximately 200 kilometers (kms) east of Laverton, in Western Australia. The Golden Highway project is located approximately 25 kilometers west of the Gruyere Gold Mine on the western side of the Yamarna Greenstone Belt.",2021-02-12,1.19,2.02,0.8,1.46,0,5755008,31,1091,2.95,13.69,0.08,38.31,0.42,1160,834.43,27.08,5.47,0,16.95,26.4,0
"16","IGO.AX","IGO Limited","IGO Limited, formerly Independence Group NL, is an Australia-based exploration and mining company. The Company’s segments include The Nova Operation, the Tropicana Operation and Growth, which comprises regional exploration activities and project evaluation. The Nova Operation produces nickel and copper concentrates. The Tropicana Operation represents the Company’s joint venture interest in the Tropicana Gold Mine. The Company is engaged in nickel, copper and cobalt mining and processing at the Nova Operation and non-operator gold mining in the Tropicana Operation. The Nova Operation is located in the Fraser Range, approximately 140 kilometer (km) east-northeast of Norseman, 360km southeast of Kalgoorlie and 380km from the port of Esperance in Western Australia. The Tropicana Operation is located 330km east northeast of Kalgoorlie. The Company’s exploration projects are located in Western Australia, South Australia, the Northern Territory and Greenland.",2021-02-12,6.46,7.76,3.27,5.17,0,3958792,36.87,5081,1.89,9.01,1.75,1.42,3.56,3620,654.27,132.57,12.58,0.76,12.45,19.15,-2.5
"17","KCN.AX","Kingsgate Consolidated Limited","Kingsgate Consolidated Limited is engaged in mining and mineral exploration in Australia, South East Asia and South America. The Company's segments include operating mines and projects, such as Chatree Mine, Thailand; Nueva Esperanza Gold/Silver Project, Chile, and Exploration, South East Asia. The Company and its Thai subsidiary, Akara Resources Public Company Limited, operate the Chatree gold mine in central Thailand, approximately 280 kilometers north of Bangkok. Chatree is an open pit gold mining operation, which produces approximately 125,090 ounces of gold and over 850,000 ounces of silver. It owns interests in Nueva Esperanza project, which is located in the Maricunga gold belt of the Atacama region of northern Chile, approximately 140 kilometers north-east of the city of copiapo. It is a silver and gold project consisting of various deposits hosted in a sulfidation epithermal (hydrothermal) system and a range of undeveloped exploration targets.",2021-02-12,0.94,1.15,0.32,0.79,0,450744,0,220.57,17.73,-9.05,0.07,103.22,0.05,209.01,196.82,-15.81,12.23,0,0,0,0
"18","KLA.AX","Kirkland Lake Gold Ltd","Kirkland Lake Gold Ltd is a Canada-based gold mining, development and exploration company. It has a diversified portfolio of assets located in the stable mining jurisdictions of Canada and Australia. The Company’s main gold mines are: the Macassa Mine located in northeastern Ontario, Detour Lake mines in Northern Ontario and the Fosterville Gold Mine located in the State of Victoria, Australia. In addition, the Company owns the Holt Mine and the Taylor Mine, which are situated along the Porcupine-Destor Fault Zone, in northeastern Ontario, the Cosmo Gold Mine located in the Northern Territory, Australia and the Stawell Gold Mine located in the State of Victoria, Australia. The Company’s subsidiaries include Crocodile Gold Inc, Detour Gold Corporation and Franc-Or Resources Peru SA.",2021-02-12,50.2,80.5,38.44,64.21,0,5017,17.68,13171,2.77,8.72,3.11,0.53,18.06,12880,272.84,550.68,0,0.87,33.21,53.75,65.9
"19","LLO.AX","Lion One Metals","Lion One Metals Limited is engaged in the business of acquiring, exploring, and developing mineral properties. The Company has non-material exploration properties, including a tenement interest in the Olary Creek iron project in South Australia, and over two exploration properties covering over 27,490 hectares within two special prospecting licenses on the island of Vanua Levu in Fiji. Its primary asset is the Tuvatu Gold Project located near Nadi on the island of Viti Levu, Fiji. Its Mineral Resources Department (MRD) of Fiji has granted Special Mining Lease 62 (SML 62) on the Tuvatu project to the Company. The Fijian Islands are located along the Pacific Island Arc, which hosts various mineral epithermal gold deposits systems, such as the Lihir, Porgera, Ok Tedi, and Wafi-Golpu gold deposits in Papua New Guinea. The Olary Creek Project is located in South Australia over 70 kilometers (km) southwest of Broken Hill, New South Wales, and over 40 km south of the Barrier Highway.",2021-02-12,1.6,0,0,0,0,9758,0,233.15,0,0,0,0,0,0,0,0,0,0,0,0,0
"20","LTR.AX","Liontown Resources","Liontown Resources Limited is an Australia-based exploration company. The Company is engaged in mineral exploration and evaluation. The Company's segments include Exploration and Evaluation, and Corporate. The Company's Kathleen Valley Project is located in Western Australia approximately 680 kilometers northeast (NE) of Perth. Its Lake Percy Lithium Project is located in Western Australia approximately 430 kilometers east of Perth. Its Jubilee Reef Gold Project is located approximately 850 kilometers northwest of Dar es Salaam with in the Lake Victoria Goldfield of northern Tanzania. Its Mohanga Lithium-Tantalum- Gold Project is located in central Tanzania approximately 40 kilometers north-north-east (NNE) of the capital Dodoma.",2021-02-12,0.44,0,0,0,0,3997722,0,777.5,0,0,0,0,0,0,0,0,0,0,0,0,0
"21","NST.AX","Northern Star Resources","Northern Star Resources Ltd is an Australia-based gold producer. The Company’s projects are located in Australia and North America. Its assets include Jundee, Kalgoorlie operations, Pogo and Tanami. The Jundee Operation is located in the Northern Goldfields region of Western Australia around 45 kilometers (kms) northeast of Wiluna and approximately 520 kms north of Kalgoorlie. Kalgoorlie operations include Kanowna Belle mine site is situated in the Eastern Goldfields of Western Australia; Kundana underground gold mining project located in the Eastern Goldfields of Western Australia and South Kalgoorlie Operations located within the Eastern Goldfields Superterrane. The Pogo Operation is located 145 kms southeast of Fairbanks, Alaska and is situated in the Tintina Gold Province. The Tanami project operations are located approximately 650 kilometres northwest of Alice Springs and 850 kilometres southwest of Darwin.",2021-02-12,12.06,17.03,8.85,14.16,0,4458485,27.28,13519,4.11,9.85,0.43,22.35,2.83,8760,734.52,156.85,1.64,1.6,14.01,23.66,34.4
"22","NVA.AX","Nova Minerals Limited","Nova Minerals Limited, formerly Quantum Resources Limited, is engaged in the mineral exploration. The Company is an Australian explorer with projects in Western Australia and the Northern Territory. Its projects are prospective for gold and base metals. Its projects include Telfer Project and Tanami (Officer Hill JV) Project. The Company owns approximately 100% interest in Telfer Project, which consists of a single exploration license in an area of over six kilometers from the Telfer Gold mine. The Telfer deposit has an ore reserve of approximately 6.3 million ounces of gold and over 0.295 million tons of copper within a mineral resource of approximately 15 million ounces of gold. It owns over 100% interest in Tanami (Officer Hill JV) Project, which is located within the Tanami geological province. It holds a single exploration license located approximately 34 kilometers southwest of the Callie gold mine. The Tanami (Officer Hill JV) Project is a prospective for gold mineralization.",2021-02-12,0.14,0.23,0.02,0.13,0,6379089,0,258.84,11.07,-59.11,0,7.28,0.01,226.89,1110,-4.5,21.84,0,0,0,0
"23","OBM.AX","Ora Banda Mining Ltd","Ora Banda Mining Ltd., formerly Eastern Goldfields Limited, is engaged in mineral exploration and evaluation, and the care and maintenance of its gold producing mines. The Company's segments include ongoing care and maintenance and mine development work segment and exploration segment. The Company holds interests in the Davyhurst Gold Project and Mt Ida Project. The Davyhurst Gold Project is located approximately 120 kilometers north-west of Kalgoorlie, and the Mt Ida Project is located over 200 kilometers north-west of Kalgoorlie. It also holds a tenement position, covering approximately 1,420 square kilometers. Its other projects include the Golden Eagle project Area; Lights of Israel Complex; Waihi Project Area; Mulline Project Area, including Foxtrot Prospect and Lady Gladys Offset Prospect; Callison/Glasson Project Area, and Siberia Project Area, including Sandking and Missouri Project Area, Camperdown Project Area, Black Rabbit Deposit, Pole Prospect and South Pole Prospect.",2021-02-12,0.28,0.42,0.09,0.33,0,766480,0,244.24,3.58,-49.56,0.01,0.82,0.08,205.07,619.96,-17.48,63.27,0,0,0,0
"24","PAN.AX","Panoramic Resources","Panoramic Resources Limited is a mining company. The Company is engaged in the exploration, evaluation, development and production of mineral deposits. The Company is formed for the purpose of developing the Savannah Nickel Project in the East Kimberley. The Company operates through five segments: Nickel, which includes the Savannah Nickel Project and Copernicus Nickel Project; Gold, which include the Gum Creek Gold Project; Platinum Group Metals (PGM), which include Panton PGM Project; Australian Exploration, which includes the exploration and evaluation activities at the regional areas of Western Australia, and Overseas Exploration, which conducts overseas exploration and evaluation activities in Scandinavia. The Panton PGM Project is located approximately 60 kilometers north of Halls Creek, in the East Kimberley Region of Western Australia. The Gum Creek Gold Project is located approximately 640 kilometers northeast of Perth in Western Australia.",2021-02-12,0.16,0.23,0.06,0.11,0,4572477,0,338.4,2.04,-7.07,0.01,4.36,0.08,304.23,1570,-54.17,26.57,0,-126.44,-109.55,-6.5
"25","PRU.AX","Perseus Mining","Perseus Mining Limited is engaged in mining operations and sale of gold, mineral exploration and gold project evaluation and development in the Republics of Ghana and Cote d'Ivoire, in West Africa. Its segments include Edikan, Sissingue, Yaoure, and Corporate or Other. Edikan segment is engaged in mining, mineral exploration, evaluation and development activities. Sissingue segment is also engaged in mining, mineral exploration, evaluation and development activities. Yaoure segment is engaged in mineral exploration, evaluation and development activities. Edikan Gold Mine is a producing gold mine located in Ghana. The Sissingue Gold Mine is located in the north of Cote d’Ivoire and lies within the Sissingue exploitation permit that covers an area of 446 square kilometers. Yaoure is located in central Cote d’Ivoire, 40-kilometer northwest of Yamoussoukro, the political capital, and 270 km northwest of Abidjan.",2021-02-12,1.19,1.66,0.63,1.33,0,7391466,15.63,1515,1.66,5.77,0.19,25.07,0.74,1450,1140,-33.06,3.59,0,15.96,19.13,39.6
"26","RMS.AX","Ramelius Resources","Ramelius Resources Limited is engaged in exploration, mine development, mine operations, the sale of gold and milling services. The Company's segments include Mt Magnet, Burbanks and Exploration. The Company's operational projects include Mt Magnet Mine, Kathleen Valley Mine and Vivien Mine. Its development projects include Blackmans and Water Tank Hill. Its exploration projects include Milkyway, Boorgardie Basin and Tanami Joint Venture Gold Project. The Mt Magnet gold project is located adjacent to the town of Mt Magnet, approximately 500 kilometers north-east of Perth in the Murchison Goldfield of the Western Australian Yilgarn Craton. The Blackmans gold project is located approximately 30 kilometers north of Mt Magnet, in Western Australia. The Water Tank Hill project lies over 1.5 kilometers west of Mt Magnet, in Western Australia. The Milkyway gold project is located approximately 3.6 kilometers southwest of the processing plant at Mt Magnet, Western Australia.",2021-02-12,1.42,2.53,0.76,1.95,0,5847051,8.63,1131,2.18,4.23,0.21,10.47,0.64,1040,770.61,80.54,4.12,1.39,24.63,32.71,76.8
"27","RED.AX","Red 5 Limited","RED 5 Limited is an Australia-based mineral resource company. The Company’s operations are located in Western Australia’s Eastern Goldfields Region. Its operations include Darlot Gold Mine, King of the Hills, Siana Gold Mine and Mapawa Gold Project. The Darlot Gold Mine is located approximately 900 kilometers (km) north-east of Perth in the Eastern Goldfields region of Western Australia. The Hills Gold Mine is located 80km south of the Darlot Gold Mine and 28km north of the town of Leonora in the Eastern Goldfields region of Western Australia. It holds interest in the Siana Gold Project and the Mapawa Gold Project, both located in the mining region of Surigao del Norte Province on the island of Mindanao. The Company also owns the Cables and Mission gold deposits, located approximately 10km north of its Darlot Gold Mine in Western Australia.",2021-02-12,0.22,0.38,0.17,0.28,0,4540654,78.33,463.16,2.3,7.62,0.06,11.71,0.1,334.14,1690,23.53,5.74,0,2.23,9.6,14.3
"28","RRL.AX","Regis Resources","Regis Resources Ltd is an Australia-based gold production and exploration company. The Company id focused on developing mid-sized gold operations within Australia and Africa. It operates through two reportable segments which comprise the Duketon Gold Project; being Duketon North Operations (DNO), comprising Moolart Well, Gloster, Anchor and Dogbolter, and Duketon South Operations (DSO), incorporating Garden Well, Rosemont, Erlistoun and Tooheys Well. Its Duketon Gold Project is located approximately 130 kilometers (km) north of Laverton in Western Australia. Its Garden Well project is an open pit operation with a standalone mill. Garden Well is located approximately 30 km from the Moolart Well Gold Mine. Rosemont gold project is located approximately nine km north-west of the Garden Well Gold Mine. Its McPhillamys Gold Project is located approximately 35 kilometres south east of the town of Orange.",2021-02-12,3.47,6.18,2.9,4.62,0,3132865,8.88,1782,2.12,4.06,0.38,4.54,1.64,1620,502.93,42.82,0.73,4.57,26.37,38.25,14.1
"29","RSG.AX","Resolute Mining","Resolute Mining Ltd is an Australia-based gold miner. The Company is engaged in exploring, developing and operating gold mines in Australia and Africa. It operates through two segments: Syama and Bibiani. Its Syama Complex, located in the south of Mali, West Africa approximately 30km from the Cote d’Ivoire border and approximately 300km southeast of the capital Bamako, comprises the Syama Underground Mine and the Tabakoroni Open Pit Mine. The Mako Gold Mine is located in eastern Senegal, West Africa. The Company’s Bibiani Gold Mine is situated in the western region of Ghana in West Africa. Its subsidiaries include Resolute (Finkolo) Pty Ltd, Petowal Mining Company SA, Carpentaria Gold Pty Ltd and Mensin Gold Bibiani Limited.",2021-02-12,0.69,1.5,0.6,0.94,0,6951675,0,778.24,0.98,9.27,0.08,42.66,0.72,1020,1030,-33.71,11.59,2.92,-10.56,-7.98,49.8
"30","SO4.AX","Salt Lake Potash Limited","Salt Lake Potash Limited, formerly Wildhorse Energy Limited, is a mineral exploration company. The Company's principal activities include exploration and development of resource projects. Its segments include United States of America and Australia Potash. It holds a range of salt lake brine projects (Projects) in Western Australia, South Australia and the Northern Territory. Its primary focus is the advancement of the Lake Wells' Project, which is located approximately 80 kilometers north of the Great Central Road and over 180 kilometers northeast of Laverton in the West Australian Goldfields. The Project consists of over 1,130 square kilometers of exploration licenses, covering the Lake Wells Playa and the area immediately contiguous to the Lake. It also holds exploration licenses or applications covering all or parts of Lake Irwin and Lake Minigwal and Lake Ballard in Western Australia; Lake Lewis in the Northern Territory, and Lake Macfarlane and Island Lagoon in South Australia.",2021-02-12,0.46,0.64,0.3,0.5,0,1498637,0,349.85,2.83,-6.49,0.02,116.94,0.17,230.39,308.76,-88.22,12.94,0,0,-745.82,168
"31","SFR.AX","Sandfire Resources Limited","Sandfire Resources Limited, formerly Sandfire Resources NL, is an Australia-based mining and exploration company. The Company’s flagship DeGrussa Copper-Gold Mine is located approximately 900 kilometer (km) north-east of Perth in Western Australia. The DeGrussa Project produces copper concentrate and copper grade with notable gold and silver credits. It also holds the T3 Copper-Silver Project, which is a copper exploration and development assets in Botswana. T3 Copper-Silver Project covers approximately 11,700 km square in the Kalahari Copper Belt. Through joint ventures and farm-in agreements, it also holds various projects, such as Greater Doolgunna Project, Morck Well Project, Peak Hill Project, Enterprise Project, Bryah Project, Springfield Project and Cheroona Project.",2021-02-12,5,5.98,2.75,4.85,0,1210225,12.17,930.47,1.24,1.94,1.63,1.66,4.2,629.85,166.84,139.8,8.63,3.73,11.27,19.02,7.8
"32","SLR.AX","Silver Lake Resources","Silver Lake Resources Limited is a gold producing and exploration company. The Company's principal activities include gold mining and processing from the Mount Monger Operation, gold exploration and evaluation projects. The Company’s segments include Mount Monger Operation and Deflector Operation. The Company’s segments are located in Western Australia, with the Mount Monger Operation producing gold bullion, and Deflector producing gold bullion and gold-copper concentrate. The Company has approximately five mines and two processing facilities in operation across its Deflector and Mount Monger operations. The Mount Monger Operation is located approximately 50 kilometers (km) southeast of Kalgoorlie. Gold ore from the Mount Monger Operation is transported to the Randalls Gold Processing Facility, located over 65 km south east of Kalgoorlie.",2021-02-12,1.52,2.75,1.04,2.11,0,6872604,4.9,1331,1.67,4.56,0.29,6.69,0.9,1120,870.04,99.25,0.61,0,45.59,24.36,67.7
"33","SBM.AX","St Barbara Limited","St Barbara Ltd is an Australia-based gold mining company. The Company’s assets include the Leonora Operations in Western Australia, the Simberi Operations in Papua New Guinea, and the Atlantic Gold Operations in Nova Scotia, Canada. Leonora Operations include the Gwalia mine, which is located approximately three kilometers (km) south of the town of Leonora, Western Australia. The Simberi Operations occurs on the eastern half of the Simberi island covered by approximately 2,560 hectare Mining Lease (ML136). The Atlantic Gold operation is located in Moose River Gold Mines, near Middle Musquodoboit, approximately 60km north east of Halifax, Nova Scotia. The Gwalia mine has operations with approximately 2.1 million ounces of gold in reserves at a grade of 6.4 grams per ton. Ore at Simberi is sourced from various pits, including the Sorowar Pit. The Atlantic Gold operation has a combined estimated of approximately 1.9 million ounces of gold in reserves at a grade of 1.12 grams per ton.",2021-02-12,2.24,3.98,1.61,2.9,0,4539517,12.64,1622,1.2,4.5,0.58,24.59,1.92,1540,683.58,134.77,2.48,3.56,15.49,23.02,46.4
"34","WGX.AX","Westgold Resources Limited","Westgold Resources Limited is engaged in exploration of minerals. The principal activity of the Company is operating gold mines in Australia. The Company’s projects include Central Murchison Gold Project (CMGP), South Kalgoorlie Operations (SKO), Fortnum Gold Project (FGP), Tuckabianna Project and Rover Project. The CMGP is located in the Murchison Goldfields of Western Australia around the regional towns of Cue and Meekatharra. SKO includes the HBJ underground mine, a number of open pits and the Jubilee Mill. The FGP is located in the western Bryah Basin approximately 150 kilometers northwest of Meekatharra with approximately 1 million tone-per-annum carbon-in-leach (CIL). The Rover Project is a postulated undercover repetition of the prolific Tennant Creek goldfield located 80 kilometers to the north-east.",2021-02-12,2,2.98,1.21,2.47,0,2715103,24.19,881.62,1.67,5.03,0.33,7.25,1.24,774.34,360.06,-36.07,9.42,0,7.03,4.32,0
"35","ZIM.AX","Zimplats Holdings","Zimplats Holdings Limited is engaged in the business of producing platinum group metals (PGMs) and associated metals, which include nickel, gold, copper, cobalt and silver mined from the Great Dyke in Zimbabwe. Its segments include Platinum, Palladium, Gold, Rhodium, Nickel, Ruthenium, Iridium, Silver, Copper and Cobalt. The Company, through its subsidiary Zimbabwe Platinum Mines (Private) Limited, a producer of PGMs, is engaged in exploiting the ore bodies located on the Great Dyke in Zimbabwe. The Company has a Mineral Resource base of approximately 223.6 million ounces 4E. The Company operates approximately four underground mines and an open pit mine, which supply ore to three concentrator modules (two at Ngezi and the third one at Selous). Three of the four underground mines are operating at full production while the fourth one is under re-development. The Company sells white matte (a concentrate of metals), which consists of platinum, palladium, rhodium, gold and nickel.",2021-02-12,12.5,15.21,6.96,11.04,0,7128,5.12,1340,1.05,2.57,1.34,0.94,11.82,1210,13.09,144.79,87.84,3.28,30.13,43.74,44.8
